USE equals1DB;


INSERT INTO `Person` (`id`,`lastName`,`firstName`,`dateOfBirth`,`placeOfOrigin`,`sex`,`userName`,`password`) VALUES
  (1,'Amrhein','Beatrice',NULL,NULL,'w','aeb1',3541168),
  (2,'Koenig','Reto','1980-04-12','Basel','m','knr1',3541168),
  (3,'Haenni','Rolf',NULL,NULL,'m','hnr1',3541168),
  (4,'Maitre','Gilles',NULL,NULL,'m','mtg1',3541168),
  (5,'Lanz','Rolf',NULL,NULL,'m','lar1',3541168),
  (6,'Röthlisberger','Hans',NULL,NULL,'m','rgh1',3541168),
  (7,'Martinelli','Simon',NULL,NULL,'m','mls1',3541168),
  (8,'Fischli','Stephan',NULL,NULL,'m','fhs1',3541168),
  (9,'Kanele','Christian','1973-03-15','Wil','m','kec1',3541168),
  (10,'Godet','André-Claude',NULL,NULL,'m','gda1',3541168),
  (11,'Friedli','Beat',NULL,NULL,'m','fdb1',3541168),
  (12,'Aeschbacher','Roland',NULL,NULL,'m','ahr1',3541168),
  (13,'Seewer','Philippe','1980-07-11','Bern','m','swp1',3541168),
  (14,'Wenger','Hansjürg',NULL,NULL,'m','wgh1',3541168),
  (15,'Engel','Mathias',NULL,NULL,'m','egm1',3541168),
  (16,'Hassenstein','Gerhard',NULL,NULL,'m','heg1',3541168),
  (17,'Locher','Philipp',NULL,NULL,'m','loc1',3541168),
  (101,'Blumenthal','Kathrin','1987-06-18','Schwyz','w','blk1',3541168),
  (102,'Moser','Andrea',NULL,NULL,'w','msa1',3541168),
  (201,'Aargauer','Alex','1966-09-18','Frankfurt am Main','m','aua1',3541168),
  (202,'Abacus','Stefan','1966-02-18','Nyon','m','acs1',3541168),
  (203,'Alliance','Renato','1980-09-24','Zürich','m','anr1',3541168),
  (204,'Allop','Stephan','1959-01-06','Genf','m','als1',3541168),
  (205,'Amro','Thomas','1962-01-10','London','m','amt1',3541168),
  (206,'Arbitag','Christoph','1962-04-20','Bern','m','atc1',3541168),
  (207,'Archelon','Marcel','1966-12-27','Luzern','m','alm1',3541168),
  (208,'Baader','Lorenzo','1967-04-06','Hausen','m','bdl1',3541168),
  (209,'Barclays','Alain','1976-01-02','Bern','m','baa1',3541168),
  (210,'Basler','Lukas','1976-04-11','Weinfelden','m','bll1',3541168),
  (211,'Bekler','Christian','1967-07-15','Lenzburg','m','blc1',3541168),
  (212,'Berenberg','Jakob','1962-07-29','Hinwil','m','bej1',3541168),
  (213,'Bois','Johannes','1962-11-06','Luzern','m','boj1',3541168),
  (214,'Bonhote','Pascal','1967-10-23','Amsterdam','m','bop1',3541168),
  (215,'Boss','Marc','1963-02-14','London','m','bom1',3541168),
  (216,'Caceis','Matthias','1959-04-16','Zürich','m','cem1',3541168),
  (217,'Cicba','Simone','1966-05-29','Stein','f','ccs1',3541168),
  (218,'Citadel','Peter','1963-05-25','Basel','m','cdp1',3541168),
  (219,'Cladiden','Emmanuel','1976-07-20','Bern','m','cde1',3541168),
  (220,'Dreyfus','Daniel','1976-10-28','Sarnen','m','dfd1',3541168),
  (221,'Dritten','Thomas','1966-09-06','Lausanne','m','dtt1',3541168),
  (222,'Eberhard','Dominique','1963-09-02','Aarau','f','ead1',3541168),
  (223,'Essler','Adam','1968-01-31','St. Gallen','m','ela1',3541168),
  (224,'Falcon','Stefan','1966-12-15','Gstaad','m','fcs1',3541168),
  (225,'Flow','Thomas','1963-12-11','Zug','m','flt1',3541168),
  (226,'Fortis','Stephanie','1959-07-25','Oberwil','f','fts1',3541168),
  (227,'Geften','Philippe','1959-11-02','St. Gallen','m','gtp1',3541168),
  (228,'Gutzwiller','Andrea','1968-05-10','Lugano','f','gla1',3541168),
  (229,'Hard','Marcel','1968-08-18','Zürich','m','ham1',3541168),
  (230,'Hasbec','Simon','1967-03-25','Genf','m','hbs1',3541168),
  (231,'Helden','Lorenzo','1968-11-26','Luzern','m','hdl1',3541168),
  (232,'Helvea','Marc','1964-03-20','Herisau','m','hvm1',3541168),
  (233,'Hottinger','Christian','1967-07-03','Basel','m','hgc1',3541168),
  (234,'Incore','Manuel','1969-03-06','Frauenfeld','m','iom1',3541168),
  (235,'Julius','Christian','1967-10-11','Basel','m','jic1',3541168),
  (236,'Kaslin','Christiane','1964-06-28','Luzern','f','klc1',3541168),
  (237,'Keefer','Stephan','1960-02-10','Bern','m','kfs1',3541168),
  (238,'Kepler','Renato','1977-02-05','Muri','m','klr1',3541168),
  (239,'Kindler','Alain','1977-05-16','Herisau','m','kla1',3541168),
  (240,'Lehman','Christian','1969-06-14','Zug','m','lmc1',3541168),
  (241,'Lombard','Daniel','1968-01-19','Baar','m','lad1',3541168),
  (242,'Madison','Peter','1964-10-06','Brugg','m','msp1',3541168),
  (243,'Madison','Christoph','1965-01-14','Baden','m','msc1',3541168),
  (244,'Maple','Matthias','1960-05-20','Luzern','m','mpm1',3541168),
  (245,'Merrill','Emmanuel','1977-08-24','Wil','m','mie1',3541168),
  (246,'Mirabaud','Daniela','1977-12-02','Altdorf','f','mad1',3541168),
  (247,'Morgan','Pierre','1969-09-22','Herisau','m','mgp1',3541168),
  (248,'Natixis','Andreas','1969-12-31','Reinach','m','nxa1',3541168),
  (249,'Nomura','Adam','1960-08-28','Muri','m','nua1',3541168),
  (250,'Nomura','Thomas','1968-04-28','Basel','m','nut1',3541168),
  (251,'Oppenheim','Dominik','1965-04-24','Schaffhausen','m','oed1',3541168),
  (252,'Optiver','Stefan','1965-08-02','Obfelden','m','ovs1',3541168),
  (253,'Paribas','Daniel','1968-08-06','Zürich','m','pbd1',3541168),
  (254,'Pasche','Christian','1965-11-10','Bern','m','pcc1',3541168),
  (255,'Pershing','Thomas','1970-04-10','Frauenfeld','m','pit1',3541168),
  (256,'Rahn','Stephan','1968-11-14','Arbon','m','ras1',3541168),
  (257,'Reichmuth','Marcel','1960-12-06','Luzern','m','rum1',3541168),
  (258,'Roche','Lars','1978-03-12','Walchwil','m','rcl1',3541168),
  (259,'Rothschild','Stephan','1961-03-16','Genf','m','ris1',3541168),
  (260,'Rüd','Lorenzo','1970-07-19','Bern','m','rrl1',3541168),
  (261,'Sarasin','Philippe','1961-06-24','Altdorf','m','ssp1',3541168),
  (262,'Schroder','Silvia','1978-06-20','Basel','f','sds1',3541168),
  (263,'Timber','Christian','1978-09-28','Zürich','m','tbc1',3541168),
  (264,'Van der Moolen','Dominik','1970-10-27','Amsterdam','m','vld1',3541168),
  (265,'Vontobel','Manuela','1971-02-04','Zürich','f','vbm1',3541168),
  (266,'Wegelin','Philippe','1980-06-16','St. Gallen','m','wlp1',3541168),
  (267,'Winterflood','Manuel','1966-06-10','Langnau','m','wom1',3541168),
  (268,'Wolverine','Petra','1961-10-02','Stans','f','wip1',3541168);

INSERT INTO `Module` (`id`,`name`,`shortName`,`startDate`,`endDate`,`headId`,`assistantId`) VALUES
  (31,'Software Development','SD-FS16','2016-03-23','2016-09-23',1,101),
  (36,'Software Development','SD-HS15','2015-09-23','2016-02-23',1,101),
  (32,'Mobile Application Development','MA-FS16','2016-03-23','2016-09-23',8,102),
  (37,'Mobile Application Development','MA-HS15','2015-10-23','2016-02-23',8,102),
  (33,'Enterprise Application Development Java EE','EADJ-HS16','2016-03-06','2017-09-23',8,102),
  (38,'Enterprise Application Development Java EE','EADJ-HS15','2015-10-06','2016-02-23',8,102),
  (34,'Requirements Engineering','RE-FS16','2016-03-23','2016-09-23',10,101),
  (39,'Requirements Engineering','RE-HS15','2015-10-23','2016-02-23',10,101),
  (35,'Network and Security','NS-HS16','2016-10-06','2017-03-04',5,102),
  (30,'Network and Security','NS-HS15','2015-10-06','2016-03-23',5,102);

INSERT INTO `Course` (`id`,`name`,`shortName`,`moduleId`,`professorId`,`weight`) VALUES
  (401,'Java','Java',31,8,1.8),
  (402,'Datenstrukturen und Algorithmen','AlgoData',31,3,1.8),
  (403,'Relationale Datenbanken und SQL','RDB',31,4,1.6),
  (404,'XML Technologien','XML',31,1,1.6),
  (405,'GUI/Ergonomie','GUI',31,17,1.6),
  (406,'Projekt','Proj',31,1,1.6),
  (407,'Parallelität und Synchronisation','ParSynch',32,6,1.5),
  (408,'Kommunikation','Komm',32,5,1.5),
  (409,'Architektur und Design','AD',32,7,1.3),
  (410,'Web-Technologien','WebTech',32,8,1.7),
  (411,'Verteilte Applikationen','DistApp',32,2,2.0),
  (412,'Projekt','Proj',32,8,2.0),
  (413,'XML','XML',33,1,1.0),
  (414,'Web Tier','WebTier',33,1,2.0),
  (415,'Business Tier','BusTier',33,8,2.2),
  (416,'Data Tier','DataTier',33,7,1.5),
  (417,'Web Services','WS',33,8,1.5),
  (418,'Security','Security',33,9,0.5),
  (419,'Architektur und Design','AD',33,7,1.3),
  (420,'Requirements-Engineering','RE',34,10,1.5),
  (421,'Software-Analyse und -Design mit UML','UML',34,10,2.7),
  (422,'Software Engineering','SE',34,10,1.2),
  (423,'Informatik-Projektmanagement','ProjMgmt',34,11,2.7),
  (424,'Integrations-Projekt','IntProj',34,12,2.0),
  (425,'UNIX/Linux','UNIX',35,13,1.7),
  (426,'Netzwerk Technologien','NetTech',35,5,2.8),
  (427,'Internet Protokolle','IP',35,14,2.0),
  (428,'Sichere Netzwerke','SecNet',35,15,3.0),
  (429,'Authentisierung & Autorisierung','AA',35,16,0.5),
  (431,'Java','Java',36,2,1.8),
  (432,'Datenstrukturen und Algorithmen','AlgoData',36,1,1.8),
  (433,'Relationale Datenbanken und SQL','RDB',36,4,1.6),
  (434,'XML Technologien','XML',36,1,1.6),
  (435,'GUI/Ergonomie','GUI',36,1,1.6),
  (436,'Projekt','Proj',36,1,1.6),
  (437,'Parallelität und Synchronisation','ParSynch',37,6,1.5),
  (438,'Kommunikation','Komm',37,5,1.5),
  (439,'Architektur und Design','AD',37,7,1.3),
  (440,'Web-Technologien','WebTech',37,8,1.7),
  (441,'Verteilte Applikationen','DistApp',37,2,2.0),
  (442,'Projekt','Proj',37,8,2.0),
  (443,'XML','XML',38,1,1.0),
  (444,'Web Tier','WebTier',38,2,2.0),
  (445,'Business Tier','BusTier',38,8,2.2),
  (446,'Data Tier','DataTier',38,7,1.5),
  (447,'Web Services','WS',38,8,1.5),
  (448,'Security','Security',38,9,0.5),
  (449,'Architektur und Design','AD',38,7,1.3),
  (450,'Requirements-Engineering','RE',39,10,1.5),
  (451,'Software-Analyse und -Design mit UML','UML',39,10,2.7),
  (452,'Software Engineering','SE',39,10,1.2),
  (453,'Informatik-Projektmanagement','ProjMgmt',39,11,2.7),
  (454,'Integrations-Projekt','IntProj',39,10,2.0),
  (455,'UNIX/Linux','UNIX',30,13,1.7),
  (456,'Netzwerk Technologien','NetTech',30,5,2.8),
  (457,'Internet Protokolle','IP',30,14,2.0),
  (458,'Sichere Netzwerke','SecNet',30,15,3.0),
  (459,'Authentisierung & Autorisierung','AA',30,16,0.5);

INSERT INTO `Registration` (`studentId`,`moduleId`) VALUES
 (2,38),
 (9,33),
 (13,38),
 (13,39),
(101,31),
 (201,31),
 (201,30),
 (202,31),
 (202,35),
 (202,30),
 (203,31),
 (203,33),
 (203,35),
 (204,33),
 (204,34),
 (205,34),
 (205,35),
 (206,35),
 (206,36),
 (207,36),
 (207,37),
 (208,33),
 (208,38),
 (209,39),
 (210,30),
 (210,37),
 (211,31),
 (211,32),
 (212,32),
 (212,33),
 (213,33),
 (213,34),
 (214,34),
 (214,35),
 (215,35),
 (215,36),
 (216,31),
 (216,37),
 (217,32),
 (217,38),
 (218,33),
 (218,39),
 (219,30),
 (219,34),
 (220,31),
 (220,35),
 (221,31),
 (221,35),
 (222,32),
 (222,33),
 (223,33),
 (223,34),
 (224,34),
 (224,35),
 (225,35),
 (225,36),
 (226,31),
 (226,37),
 (227,32),
 (227,38),
 (228,33),
 (228,39),
 (229,31),
 (229,34),
 (229,37),
 (229,30),
 (230,31),
 (230,35),
 (231,32),
 (231,36),
 (232,33),
 (232,37),
 (233,34),
 (233,38),
 (234,35),
 (234,39),
 (235,30),
 (235,36),
 (235,38),
 (236,31),
 (237,32),
 (238,33),
 (239,34),
 (240,35),
 (240,30),
 (241,31),
 (241,39),
 (242,32),
 (243,33),
 (243,36),
 (244,34),
 (245,35),
 (246,36),
 (247,37),
 (248,38),
 (249,39),
 (250,30),
 (251,31),
 (251,33),
 (251,38),
 (252,32),
 (252,39),
 (252,34),
 (253,33),
 (253,30),
 (254,34),
 (254,38),
 (255,35),
 (255,39),
 (256,36),
 (257,35),
 (257,37),
 (257,30),
 (258,36),
 (258,38),
 (259,35),
 (259,38),
 (259,39),
 (260,37),
 (260,30),
 (261,31),
 (261,36),
 (262,32),
 (262,37),
 (263,33),
 (263,38),
 (264,34),
 (265,35),
 (265,39),
 (266,36),
 (266,30),
 (267,35),
 (267,37),
 (268,36),
 (268,38),
 (268,30);

